{
  "manifest.json": 1726582999056,
  "test/integration/pages/RisksObjectPage.js": 1726064025784,
  "test/integration/pages/RisksList.js": 1726064025784,
  "test/integration/opaTests.qunit.js": 1726064025784,
  "test/integration/FirstJourney.js": 1726064025788,
  "test/testsuite.qunit.js": 1726064025780,
  "xs-app.json": 1726584548229,
  "i18n/i18n.properties": 1726064049924,
  "Component.js": 1726064025740,
  "test/integration/opaTests.qunit-dbg.js": 1726064025784,
  "test/integration/opaTests.qunit.js.map": 1726584555097,
  "test/integration/pages/RisksList-dbg.js": 1726064025784,
  "test/integration/pages/RisksList.js.map": 1726584555135,
  "test/integration/pages/RisksObjectPage-dbg.js": 1726064025784,
  "test/integration/pages/RisksObjectPage.js.map": 1726584555102,
  "test/integration/FirstJourney-dbg.js": 1726064025788,
  "test/integration/FirstJourney.js.map": 1726584555103,
  "test/testsuite.qunit-dbg.js": 1726064025780,
  "test/testsuite.qunit.js.map": 1726584555100,
  "Component-dbg.js": 1726064025740,
  "Component.js.map": 1726584555102,
  "Component-preload.js": 1726584555192,
  "Component-preload.js.map": 1726584555193,
  "test/integration/opaTests.qunit.html": 1726064025784,
  "test/testsuite.qunit.html": 1726064025784,
  "test/flpSandbox.html": 1726064025772,
  "index.html": 1726064025740
}